제목,본문,댓글,댓글 수,언론사,남자,여자,10대,20대,30대,40대,50대,60대 이상,날짜,링크
"""중형세단이 2400만원, 가성비가 괴물""…'아반떼 값' 2022년형 르노삼성 SM6 나왔다","차량용 결제서비스 인카페이먼트 추가
긴급구조·사고처리 지원, 어시스트 콜
준중형세단 가격, 2386만~2975만원

2022년형 SM6 [사진 출처 = 르노삼성]
준중형 세단이나 소형 SUV를 구매할 수 있는 가격대에 중형 세단이 판매된다. 가성비(가격대비성능이나 품질)를 더 높인 르노삼성자동차 SM6다.

르노삼성은 소비자 선호도가 높은 기능을 중심으로 기본 사양을 재구성한 2022년형 SM6를 출시한다고 5일 밝혔다.

2022년형 SM6는 지난해 7월 내놓은 부분변경 모델에 '인카페이먼트', '어시스트 콜' 등을 새롭게 추가했다. LTE 통신 기반의 이지 커넥트(EASY CONNECT) 서비스를 업그레이드했다.

2022년형 SM6 [사진 출처 = 르노삼성]
인카페이먼트는 비대면 주유는 물론, CU 편의점과 식음료 가맹점 메뉴를 차 안에서 확인해 주문부터 픽업까지 가능하도록 한 르노삼성의 차량용 결제 서비스다.

어시스트 콜은 사고와 같은 긴급상황 발생 때 24시간 운영 전담 콜센터를 통해 긴급구조 신고 및 사고처리를 지원한다.

에어백이 전개되는 사고 발생 때는 차량이 능동적으로 차량 위치를 콜센터로 전송하고 긴급구조 및 사고처리 지원을 진행한다. 고장 헬프 콜은 차량 고장 발생 시 견인이나 서비스 거점을 안내해준다.

내비게이션 경로를 10.25인치 클러스터 화면에 표시하는 '맵 인 클러스터', 야간 주행 때 시야 확보와 마주오는 차량 운전자의 눈부심까지 방지해주는 'LED 매트릭스 비전 헤드램프'도 탑재했다.

심(SIM) 카드 전용 하이패스 기능을 포함하는 프레임리스 룸미러도 신규 적용됐다.

2022년형 SM6 [사진 출처 = 르노삼성]
2022년형 SM6는 TCe 260 및 TCe 300 터보 직분사 가솔린 엔진과 2.0 LPe LPG 액상분사 엔진의 파워트레인을 탑재했다.

TCe 260은 르노그룹과 다임러가 공동개발한 엔진으로 최고출력 156마력과 최대토크는 26.5kg·m를 발휘하며 복합연비는 13.6km/ℓ다.

TCe 300은 르노그룹의 고성능 브랜드 알핀과 르노 R.S. 모델에 탑재되는 고성능 엔진이다. 최고출력 225마력, 최대토크 30.6kg·m의 성능을 발산한다. 2.0 LPe는 최고출력이 140마력, 최대토크가 19.7kg.m다.

2022년형 SM6 [사진 출처 = 르노삼성]
르노삼성은 이번 SM6 연식변경을 통해 고객 선호도에 맞춰 트림별 기본 사양을 재구성해 판매가격을 최적화했다고 설명했다.

주력 트림인 TCe 260 LE는 동승석 파워시트, 앞좌석 통풍시트 및 이지엑세스 등의 시트 편의성을 강화했다. 최상위 트림인 TCe 300 프리미에르는 차선 유지 보조, 이지 커넥트 9.3in 내비게이션 및 BOSE 사운드 시스템을 기본 적용했다.

가격(개별소비세 3.5% 기준)은 TCe 260이 2386만~2975만원이다. TCe 300 프리미에르 3387만원, LPe는 2513만~2719만원이다. 소형 SUV인 기아 셀토스, 준중형 세단인 현대 아반떼와 경쟁할 수 있는 가격대다.","신차값 저렴한거는 인정, 그러나 타보면 얘기가 달라지는데 ~~ 먼저 수리비 엄청비쌈, 현기에 비하여 50%정도 비싸고, 그담에 중고차값 똥값 각오해야 하고 잔고장 많고 소음 많고 디자인 변화 없고 싼값에 좋은차는 없어요~~ 페리 된 차가 외부는 5년된 사골, 내부도 화면만 늘린 사골, 승차감은 토션빔 ㅋㅋㅋㅋㅋ 상대가 캐스퍼인가? 초기불량은 그렇다쳐도 수리비가 너무비쌈 ㅜㅜ그래서 기아차로 바꾸니 신세계... 캐스퍼 옵션 다 넣으면 2천 넘는다는데 경쟁할 만하구만 부품, 공임비로 끝장 다 본다. 물론 뽑기잘하면 그야말로 대박인게 SM시리즈.. 자신이 운이 좋다. 도전해보시고.. 난 좀 운이랑 멀다하시면 그냥 르노와 멀찌감치 떨어져 쳐다도 안보는게 정신건강에 도움됨.(과거에 뉴SM5 임프레션 오너였음.) 내 아는 지인은 삼성차 초기 에스엠 525브이 타는데 아직도 쌩쌩 하던데...하기사 그 친구말로는 뒤로 가면 갈수록 중요부품을 개도국걸로 수입조립 하면서 좀 이상해졌다고는 하대 실내 완전 좁고 뒷좌석은 시트고 완전 높고 차가 엉망임 그래도 사골은 싫다. 현대 기아 디자인만 바꿔서 팔아먹는 사골 엔진미션에 비싼 가격책정 르노 본받아라 로느는 그래도 엔진 미션내구성은 인정된다 다만 한국내 서비스망과 부품비용이 단점이다 어 안사 ㅋㅋ 디자인 좀 어떻게 해보자... 망하려고 작정 했구나! 팩트) 메기타 깡통도 아반떼 풀옵보다 싸다거기다 프로모션 자주 하지 중형세단이 2400만원?? 그럼 캐스퍼는 뭐가되나 ㅎㅎ 삼성 자동차 산업 접는다 안했음? 캐스퍼가 졸라 비싼게 받아 처먹는거였구나. 누가 이걸 사냐? 사자마자 중고차값이 1000만원 떨어지는 르노삼성인데... 감가삼각율 전세계 1위 저거 아직도 토션빔은 아니겠지?ㅋㅋㅋ 앞대가리 디자인은 언제 바뀌나..하..정말 안타깝다... 2300만원 짜리는 수동인가요???????? 삼성차는 왜 자꾸 아날로그 느낌이나는지 모르겠네 끝물 캐스퍼랑 300만원차이+취등록세 중고차는 500인가요? 5년 동안 똑같은차 팔아먹으면서 무슨 가성비야 ㅋ 아반떼깡통이 1400아닌가 캐스퍼랑 가격이 비슷하네 앞에 그릴좀 바꾸셈 저렴한건 다 이유가... 실내가 90년대 차 캐스퍼 풀옵 2100 생각나네. 독점기업 현기차 좀 무너뜨려라 꼴보기 싫다. 신호대기 후 출발해보면 안다. 슴식이의 진가는.. ㅎㅎㅎ 아무리 싸도 안 사는데는 다 이유가 있는거다. 내년에 삼성 철수하는데 ㆍ ᆢ SM잔고장없기로 유명한데...다들 이상한소리 응 안사 아반떼 살꺼야 .. 후미 디자인 어떻게 해봐라 볼륨감이 있어야지 공짜로 준다면 모를까 내돈 주고는 안산다 르노삼성 SM 시리즈 망한 이유.....닛산 모델 카피로 잘 나갈때 있었다~!! 너무 맘 편히 안주하고 그후 모델 체인지 및 업그레이드에 너무 신경 안씀~실패!! 디자인도 그냥 평타~그동안 현대 쏘나타 , 기아 K5 많은 시도들을 하고 그랬지....르노삼성 이제 특출나게 괜찮다라는 관점이 없어져 버림~!! 싼맛으로 내놓은게 문제가 아니라 뭔가 충격적인 모델을 내놓지 않는 이상 시간이 흘려 사라질 분위기.... SM 내부인테리어도싼티나고.부속원가도 싼것만ㅋ. SM ㅎㅎ 차 아는 사람은 절대 안사는...",42,매일경제, , , , , , , , ,2021.10.05. 오후 2:21,https://news.naver.com/main/read.naver?mode=LSD&mid=sec&sid1=103&oid=009&aid=0004860326
"5개 완성차, 유례없는 '반도체 대란'에 실적쇼크…전년比 20.7%↓(종합)","기사내용 요약
53만9236대 판매 그쳐…공장 절반만 가동한 한국지엠 66.1% 감소세
내수 33.7% 감소한 9만1790대…해외판매 17.3% 감소한 44만7446대
[서울=뉴시스] 제네시스 브랜드가 첫 번째 전용 전기차 GV60을 전면 공개했다. GV60는 제네시스의 디자인 정체성인 ‘역동적인 우아함(Athletic Elegance)을 바탕으로 쿠페형 CUV 스타일의 날렵하고 다이내믹하면서 가장 역동적인 디자인으로 고성능 EV 이미지를 강조했으며 페이스 커넥트, 지문 인증 시스템, 무선(OTA) 소프트웨어 업데이트 기술, 디지털 키 2 등 사람과 차량이 교감할 수 있는 신기술을 대거 적용했다. (사진=제네시스 제공) 2021.09.30. photo@newsis.com *재판매 및 DB 금지
[서울=뉴시스] 박주연 최희정 기자 = 5개 완성차업체가 지난달 국내·외시장에 지난해 같은 달에 비해 20.7% 감소한 53만9236대의 완성차를 판매하는데 그쳤다. 전세계적인 차량용 반도체칩 부족으로 생산차질이 이어진데다 추석 연휴까지 겹치며 큰 폭의 실적 감소세를 보였다.

1일 현대·기아·한국지엠·르노삼성·쌍용자동차에 따르면 이들 5개 완성차업체는 국내시장에 전년 동기 대비 33.7% 감소한 9만1790대, 해외시장에 17.3% 감소한 44만7446대를 판매하는데 그쳤다.

르노삼성을 제외한 전 업체가 20~60%대 판매감소세를 나타냈다. 특히 한국지엠의 타격이 컸다.

현대차는 22.3% 감소한 28만1196대, 기아는 14.1% 감소한 22만3593대, 한국지엠은 66.1% 감소한 1만3750대, 쌍용차는 39.5% 감소한 5950대를 판매했다.

다만 르노삼성은 지난해 10월 기저효과의 영향으로 전년 동월 대비 99.7% 증가한 1만4747대 판매를 기록했다. 르노삼성은 닛산 로그 위탁생산 종료 후 지난해 심각한 수출절벽을 겪었다.

현대차 관계자는 ""글로벌 판매가 줄어든 주요한 이유는 반도체 부품 수급 차질""이라며 ""국내 판매의 경우 추석 연휴에 따른 근무일수 감소도 큰 영향을 미쳤다""고 설명했다.

현대차 생산차질 극심…내수 34.6%↓·해외 19.4%↓

현대차는 지난달 국내외 시장에 28만1196대의 완성차를 판매하는데 그쳤다. 차량용 반도체 부족으로 인한 생산차질로 지난해 같은 달에 비해 22.3% 판매 감소세를 보였다.

*재판매 및 DB 금지
현대차는 9월 국내시장에 전년 동월 대비 34.6% 감소한 4만3857대, 해외시장에 19.4% 감소한 23만7339대를 판매했다.

국내시장에서 세단은 1만3477대 판매됐다. 그랜저 3216대, 쏘나타 5003대, 아반떼 5217대 순이었다.

레저차량(RV)은 국내시장에 1만3212대가 팔렸다. 팰리세이드 3290대, 싼타페 2189대, 투싼 2093대, 아이오닉5 2983대 순이다. 새롭게 출시한 캐스퍼는 208대 팔렸다.

중대형 버스와 트럭은 1716대가 판매됐다. 포터 4916대, 스타리아 2903대 순이었다.

프리미엄 브랜드 제네시스는 G80 3892대, GV70 1805대, GV80 1290대 등 7633대가 팔렸다.

현대차 관계자는 ""이달도 반도체 부품 수급 차질과 코로나19 재확산으로 경영 불확실성이 지속되는 상황""이라며 ""각 권역별로 적극적인 리스크 관리 노력을 이어가는 한편 빠른 출고가 가능한 모델을 우선 생산하는 등 생산 일정 조정을 통해 공급 지연을 최소화할 것""이라고 밝혔다.

기아, 국내 30.1%↓·해외 10.1% ↓

[서울=뉴시스] 인천항 부두에서 글로벌 수출을 위해 선적되고 있는 쉐보레 트레일블레이저.(사진=한국지엠 제공) 2021.4.25 photo@newsis.com
기아 역시 반도체 수급난으로 인해 국내외에서 모두 판매 감소세를 나타냈다. 기아는 지난달 국내 3만5801대, 해외 18만7792대 등 전년 동기 대비 14.1% 감소한 22만3593대를 판매했다. 이는 지난해 같은 기간과 비교해 국내 30.1% 감소, 해외는 10.1% 감소한 수치다.

차종별로는 스포티지가 2만8517대로 글로벌 시장에서 가장 많이 판매됐으며 셀토스가 2만3918대, 리오(프라이드)가 1만9329대로 뒤를 이었다.

기아는 지난달 국내에서 전년 동월 대비 30.1% 감소한 3만5801대를 판매했다. 승용 모델은 K8 3188대, 레이 3030대, K3 2130대 등 1만2969대가 판매됐다.

RV 모델은 스포티지 쏘렌토 3820대, 카니발 3437대, EV6 2654대 등 1만9219대가 판매됐다.

상용 모델은 봉고Ⅲ가 3467대 팔리는 등 버스와 트럭을 합쳐 총 3613대가 판매됐다.

차종별 해외 실적의 경우, 스포티지가 2만4131대 팔리며 해외 최다 판매 모델이 됐고 셀토스가 2만1288대, 리오(프라이드)가 1만9329대로 뒤를 이었다.

기아 관계자는 ""이번달도 반도체 부품 수급 차질과 코로나19 재확산으로 경영 불확실성이 지속되는 상황이지만 빠른 출고가 가능한 모델을 우선 생산하는 등 생산 일정 조정을 통해 공급 지연에 미치는 영향을 최소화할 것""이라고 말했다.

*재판매 및 DB 금지
한국지엠 최악의 실적…부평공장 절반만 가동

한국지엠은 반도체칩 부족으로 9월 판매가 지난해 같은 달에 비해 66.1% 감소했다. 전세계적인 차량용 반도체 수급 부족으로 생산이 제대로 이뤄지지 못하며 판매도 덩달아 주저앉았다.

한국지엠은 9월 국내외시장에 1만3750대의 완성차를 판매했다. 내수는 36.5% 감소한 3872대, 수출은 71.3% 감소한 9878대였다.

한국지엠은 반도체칩 부족에 따라 지난달 부평1공장과 2공장을 절반만 가동했다. 오는 4일부터 17일까지는 1공장 가동을 전면 중단한다. 한국지엠은 ""9월 내수 판매와 수출은 글로벌 차량용 반도체 칩 공급 부족에 따른 생산 차질의 여파로 전반적인 감소세를 기록했다""고 설명했다.

9월 내수시장에서는 스파크 1287대, 말리부 127대, 카마로SS 10대 등 1425대의 승용차가 판매됐다. 레저차량은 트레일블레이저 1582대, 트래버스 279대, 트랙스 6대 등 1867대가 판매됐다. 상용차는 콜로라도 579대와 다마스 1대 등 580대가 판매됐다

르노삼성 XM3호조·기저효과로 나홀로 '강세'

르노삼성은 XM3의 유럽수출 호조와 기저효과로 9월 전년 동기 대비 99.7% 증가한 1만4747대 판매 실적을 기록했다. 지난해 같은 기간과 비교해 내수 판매는 25.5% 감소한 4401대로 나타났으나, 수출은 612.5% 늘어난 1만346대로 크게 증가했다.

*재판매 및 DB 금지
9월 전체 판매에서 가장 큰 역할을 한 차량은 XM3다. 내수와 수출 차량을 더해 총 1만237대가 판매됐다. 세계적인 자동차용 반도체 부품 수급 문제가 해소되지 않고 있는 가운데, XM3 수출 차량(수출명 르노 아르카나)은 유럽 시장에서의 꾸준한 인기와 르노 그룹의 부품 우선 공급 정책에 힘입어 안정적인 공급을 이어가고 있다.

다만 내수 판매 차량은 부품 부족 장기화의 영향으로 전 모델에 걸쳐 충분한 시장 공급에 어려움을 겪고 있다. XM3의 경우 강화된 편의사항과 안정화된 품질로 국내 시장에서도 꾸준한 인기를 이어가고 있음에도 10월에는 판매 가능 물량이 더욱 크게 줄어들 전망이다.

르노삼성 관계자는 ""XM3가 유럽에서 인기를 얻고 있어 프랑스 본사가 수출지원을 위해 한국에 우선적으로 반도체 부품을 공급해주고 있다""며 ""반도체 품귀가 이달에도 풀리기 힘들어 내수판매는 적체 상황이 이어지고 있다""고 설명했다.

쌍용차 내수 반토막·수출은 28.6% 증가

쌍용차 역시 부품수급 차질로 직격탄을 맞았다.

쌍용차는 9월 국내외시장에 지난해 같은 달보다 39.5% 감소한 5950대를 판매했다. 추석연휴에 따른 조업일수 축소와 반도체 등 부품 수급 제약이 원인이다. 내수판매는 53.0% 감소한 3859대를 나타낸 반면 수출은 28.6% 증가한 2091대를 기록했다.

쌍용차는 국내외 시장에서 호평을 받고 있는 더 뉴 렉스턴 스포츠&칸의 적체 해소를 위해 총력 생산을 진행하고 있으나, 9000여대에 이르는 출고 적체가 발생한 상황이다.

특히 내수 판매의 경우 더 뉴 렉스턴 스포츠&칸 4000대 등 5000여대가 출고 적체된 상태다. 수출 역시 상품성 개선 모델의 호조세로 전년 동월 대비 28.6% 증가한 가운데 공급물량의 한계로 인한 선적대기 물량이 3000여대에 이른다.

쌍용차 관계자는 ""조업일수 축소 등으로 인해 판매가 전년 대비 감소했으나, 상품성 개선 모델의 글로벌 론칭 확대와 함께 시장에서의 호평이 이어지고 있다"" 며 ""잔업과 특근 등 총력 생산 판매 체제 구축을 통해 적체 물량을 최우선적으로 해소하고 판매를 늘려 나갈 것""이라고 말했다.","살사람들 다 샀고, 사야될 사람들은 돈없다, 앞으로 정신줄 꽉잡아라.... 5개 완성차의 실적쇼크가 다른 이유가 아닌 반도체 대란 때문이라고 하니, 우리가 사용하는 자동차는 더 이상 단순한 기계장치가 아니라 전자 제품이라는게 사실인 듯 합니다. 반도체가 없으면 자동차를 못 만들어서 팔지를 못 한다는게 신기합니다. 우리나라가 기술력에서 앞서 있는 반도체 기업들과 자동차 기업들이 협력해서 이 위기를 기회로 삼을 수 있으면 좋겠네요. 내가 예언 하나하지 코로나 알약 치료제 나오면 다시 반등한다 자동차 살 사람없다 ㅋㅋㅋ 국산차가격만비싸고 망해도상관없다 기업가치 손상: 폭락 ㅋㅋ 반도체 부족: 폭락 ㅋㅋ 미개함의 극치",6,뉴시스, , , , , , , , ,2021.10.01. 오후 5:13,https://news.naver.com/main/read.naver?mode=LSD&mid=sec&sid1=101&oid=003&aid=0010748064
반도체 쇼크에 기아 9월 판매량 감소… ‘스포티지’ 글로벌 시장 돌풍(상보),"반도체 쇼크 여파에 기아의 9월 판매량이 줄었다. 사진은 서울 양재동 기아 사옥. /사진=기아
기아는 9월 글로벌 시장에서 국내 3만5801대, 해외 18만7792대 등 전년대비 14.1% 감소한 22만3593대의 판매실적을 기록했다고 1일 밝혔다.

이는 지난해 같은 기간과 비교해 국내는 30.1%, 해외는 10.1% 감소한 수치다.

글로벌 판매가 줄어든 가장 큰 이유는 반도체 부품 수급 차질이다. 이에 더해 국내는 추석연휴로 인한 근무일수 축소로 판매량이 더 감소했다.

차종별 실적은 스포티지가 2만8517대로 글로벌 시장에서 가장 많이 판매됐다. 셀토스는 2만 3918대, 리오(프라이드)는 1만9329대 팔려 뒤를 이었다.",당연히 판매량이 감소해야 맞지... 쏘렌토 하이브리드 사려고 대기하고 있는데 아무리 생각해도 14개월 대기는 너무한거 아니냐고 ㅋㅋㅋㅋㅋ 니들이 무슨 페라리 랜드로버냐고 ㅋㅋㅋㅋ나도 그래서 바로 뽑을 수 있는 차 알아보고 있다 주로 외제차인데 또 웃긴게 외제차라고 해서 마냥 비싼것도 아니야 현기차 가격이 너무 올라가서 현기차 가격+100~200만원이면 바로 외제차가 나오니 ㅋㅋㅋ,1,머니S, , , , , , , , ,2021.10.01. 오후 4:48,https://news.naver.com/main/read.naver?mode=LSD&mid=sec&sid1=103&oid=417&aid=0000739871
"[9월 완성차 실적]기아, 전년비 14.1% 줄어든 22.4만대 판매","반도체 수급난에 추석 연휴 영향
스포티지 글로벌 2.9만대 판매
기아 디 올뉴 스포티지[원호연 기자]


[헤럴드경제 원호연 기자]기아는 지난달 글로벌 시장에서 전년 동기 대비 14.1% 감소한 22만 3593대(도매 판매 기준)를 판매했다.

기아의 설명에 따르면 글로벌 판매가 줄어든 가장 큰 이유는 반도체 부품 수급 차질이다. 국내는 추석연휴로 인한 근무일수 축소로 판매량이 더 감소했다고 설명했다.

기아는 2021년 9월 국내에서 전년 동월 대비 30.1% 감소한 3만 5801대를 판매했다.

지난달 가장 많이 팔린 차량은 스포티지(4386대)로 2개월 연속 기아 월간 판매량 1위를 기록했다.승용 모델은 ▷K8 3188대 ▷레이 3030대 ▷K3 2130대 등 총 1만 2969대가 판매됐다.

스포티지를 포함한 RV 모델은 ▷쏘렌토 3820대 ▷카니발 3437대 ▷EV6 2654대 등 총 1만 9219대가 판매됐다.

상용 모델은 봉고Ⅲ가 3467대 팔리는 등 버스와 트럭을 합쳐 총 3613대가 판매됐다.

기아의 2021년 9월 해외 판매는 전년 동월 대비 10.1% 감소한 18만 7792대를 기록했다.

차종별 해외 실적의 경우, 스포티지가 2만 4131대 팔리며 해외 최다 판매 모델이 되었고 셀토스가 2만 1288대, 리오(프라이드)가 1만 9329대로 뒤를 이었다.

기아 관계자는 “이번달도 반도체 부품 수급 차질과 코로나19 재확산으로 경영 불확실성이 지속되는 상황이지만 빠른 출고가 가능한 모델을 우선 생산하는 등 생산 일정 조정을 통해 공급 지연에 미치는 영향을 최소화할 것”이라고 밝혔다.

그러면서 “EV6와 K8, 5세대 스포티지 등 최근 출시된 경쟁력 있는 신형 차량을 앞세워 판매 모멘텀을 강화할 것”이라고 강조했다.",승용 모델중 K8이 판매 1위 ㅋㅋㅋ 역시 조선 넘들의 허세란.. 사전계약한 사람들 먼저 출고를 해주세요,2,헤럴드경제, , , , , , , , ,2021.10.01. 오후 4:48,https://news.naver.com/main/read.naver?mode=LSD&mid=sec&sid1=101&oid=016&aid=0001894330
"기아, 9월 22만3593대 판매…전년比 14.1%↓","국내 3만5801대·해외 18만7792대…최다 판매 모델 스포티지
기아가 9월 글로벌 시장에서 국내 3만5천801대, 해외 18만7천792대 등 전년 동기 대비 14.1% 감소한 22만3천593대를 판매했다고 1일 밝혔다.

이는 지난해 같은 기간과 비교해 국내는 30.1% 감소, 해외는 10.1% 감소한 수치다.

글로벌 판매가 줄어든 가장 큰 이유는 반도체 부품 수급 차질이다. 이에 더해 국내는 추석연휴로 인한 근무일수 축소로 판매량이 더 감소했다.

기아가 준중형 SUV 신형 스포티지를 출시했다. [사진=기아]


차종별 실적은 스포티지가 2만8천517대로 글로벌 시장에서 가장 많이 판매됐으며 셀토스가 2만3천918대, 리오(프라이드)가 1만9천329대로 뒤를 이었다.

국내에서 지난달 가장 많이 팔린 차량은 스포티지(4천386대)로 2개월 연속 기아 월간 판매량 1위를 기록했다.

승용 모델은 K8 3천188대, 레이 3천30대, K3 2천130대 등 총 1만2천969대가 판매됐다.

스포티지를 포함한 RV 모델은 쏘렌토 3천820대, 카니발 3천437대, EV6 2천654대 등 총 1만9천219대가 판매됐다.

상용 모델은 봉고Ⅲ가 3천467대 팔리는 등 버스와 트럭을 합쳐 총 3천613대가 판매됐다.

차종별 해외 실적의 경우 스포티지가 2만4천131대 팔리며 해외 최다 판매 모델이 됐고 셀토스가 2만1천288대, 리오(프라이드)가 1만9천329대로 뒤를 이었다.

기아 관계자는 ""이번달도 반도체 부품 수급 차질과 코로나19 재확산으로 경영 불확실성이 지속되는 상황이지만 빠른 출고가 가능한 모델을 우선 생산하는 등 생산 일정 조정을 통해 공급 지연에 미치는 영향을 최소화할 것""이라고 밝혔다.

이어 ""EV6와 K8, 5세대 스포티지 등 최근 출시된 경쟁력 있는 신형 차량을 앞세워 판매 모멘텀을 강화할 것""이라고 덧붙였다.",디자인,1,아이뉴스24, , , , , , , , ,2021.10.01. 오후 4:42,https://news.naver.com/main/read.naver?mode=LSD&mid=sec&sid1=103&oid=031&aid=0000626825
"기아, 9월 전세계 22만3593대 판매…14.1%↓","국내 3만5801대 30.1%↓, 해외 18만7792대 10.1%↓
기아 9월 판매실적. ⓒ기아
[데일리안 = 박영국 기자] 기아는 9월 전세계 시장에서 국내 3만5801대, 해외 18만7792대 등 총 22만3593대를 판매했다고 1일 밝혔다.

전년 동월 대비 국내는 30.1%, 해외는 10.1% 감소하면서 전체적으로 14.1% 줄었다.

글로벌 판매가 줄어든 가장 큰 이유는 반도체 부품 수급 차질이다. 이에 더해 국내는 추석연휴로 인한 근무일수 축소로 판매량이 더 감소했다.

차종별 실적은 스포티지가 2만8517대로 글로벌 시장에서 가장 많이 판매됐으며 셀토스가 2만 3918대, 리오(프라이드)가 1만9329대로 뒤를 이었다.

국내 시장에서도 스포티지(4386대)가 가장 많이 팔리며 2개월 연속 기아 월간 판매량 1위를 기록했다.

승용 모델은 K8 3188대, 레이 3030대, K3 2130대 등 총 1만2969대가 판매됐다.

스포티지를 포함한 RV 모델은 쏘렌토 3820대, 카니발 3437대, EV6 2654대 등 총 1만9219대가 판매됐다.

상용 모델은 봉고Ⅲ가 3467대 팔리는 등 버스와 트럭을 합쳐 총 3613대가 판매됐다.

해외 시장에서는 스포티지가 2만4131대 팔리며 해외 최다 판매 모델이 됐고, 셀토스가 2만 1288대, 리오(프라이드)가 1만9329대로 뒤를 이었다.

기아 관계자는 “이번달도 반도체 부품 수급 차질과 코로나19 재확산으로 경영 불확실성이 지속되는 상황이지만 빠른 출고가 가능한 모델을 우선 생산하는 등 생산 일정 조정을 통해 공급 지연에 미치는 영향을 최소화할 것”이라고 밝혔다.

이어 “EV6와 K8, 5세대 스포티지 등 최근 출시된 경쟁력 있는 신형 차량을 앞세워 판매 모멘텀을 강화할 것”이라고 강조했다.",그럼 도요타는? 귀족노조 박멸해야한다,2,데일리안, , , , , , , , ,2021.10.01. 오후 4:37,https://news.naver.com/main/read.naver?mode=LSD&mid=sec&sid1=101&oid=119&aid=0002534483
"""반도체 영향 지속"" 기아, 9월 22만3593대 판매…전년比 14.1% ↓","국내 시장에서 3만 5801대 판매, 전년 동월 대비 30.1% 감소
해외 시장에서 18만 7792대 판매, 전년 동월 대비 10.1% 감소
[이데일리 손의연 기자] 기아는 지난 9월 자동차 판매가 총 22만 3593대로 전년 동기 대비 14.1% 감소했다고 1일 공시했다. 이 기간 내수 판매는 3만 5801대로 30.1% 줄었고 해외 판매는 18만 7792대로 10.1% 감소했다.

기아


차종별 실적은 스포티지가 2만 8517대로 글로벌 시장에서 가장 많이 판매됐으며 셀토스가 2만 3918대, 리오(프라이드)가 1만 9329대로 뒤를 이었다.

국내에선 추석연휴로 인한 근무일수 축소로 판매량이 더 감소했다. 국내에서 지난달 가장 많이 팔린 차량은 스포티지(4386대)로 2개월 연속 기아 월간 판매량 1위를 기록했다.

승용 모델은 K8 3188대, 레이 3030대, K3 2130대 등 총 1만 2969대가 판매됐다. 스포티지를 포함한 RV 모델은 쏘렌토 3820대, 카니발 3437대, EV6 2654대 등 총 1만 9219대가 판매됐다.

상용 모델은 봉고Ⅲ가 3467대 팔리는 등 버스와 트럭을 합쳐 총 3613대를 기록했다.

해외 판매도 글로벌 반도체 부품 수급 차질 영향을 받았다. 차종별 해외 실적의 경우 스포티지가 2만 4131대 팔리며 해외 최다 판매 모델이 됐고 셀토스가 2만 1288대, 리오(프라이드)가 1만 9329대로 뒤를 이었다.

기아 관계자는 “이번달도 반도체 부품 수급 차질과 코로나19 재확산으로 경영 불확실성이 지속되는 상황이지만 빠른 출고가 가능한 모델을 우선 생산하는 등 생산 일정 조정을 통해 공급 지연에 미치는 영향을 최소화할 것”이라며 “EV6와 K8, 5세대 스포티지 등 최근 출시된 경쟁력 있는 신형 차량을 앞세워 판매 모멘텀을 강화할 것”이라고 강조했다.",기아차 타보니 완전 굿!! 차가 안이쁜데 팔리겠냐..,2,이데일리, , , , , , , , ,2021.10.01. 오후 4:37,https://news.naver.com/main/read.naver?mode=LSD&mid=sec&sid1=103&oid=018&aid=0005049631
베뉴보다 비싼 캐스퍼?…복잡해진 현대차‧기아 SUV 족보,"""경차 가격 SUV라더니""…최상위 트림 2000만원 육박
고성능에 첨단 사양 갖춰 경차 시장 다양성 추구
베뉴 판매간섭 우려…단종된 스토닉‧쏘울 전철 밟을 수도
캐스퍼. ⓒ현대자동차
[데일리안 = 박영국 기자] 현대자동차의 경형 SUV 캐스퍼가 오는 29일 출시되며 현대차‧기아 형제의 엔트리(생애 첫 차) SUV 라인업이 한층 촘촘해졌다. 일각에서는 캐스퍼의 상위트림 가격이 예상보다 높게 책정돼 족보가 꼬이는 게 아니냐는 지적도 나온다.

16일 현대차에 따르면 캐스퍼의 판매가격은 최저트림인 스마트 1385만원을 시작으로, 모던 1590만원, 최상위 트림인 인스퍼레이션이 1870만원이다.

당초 터보엔진 장착 모델이 별도 트림으로 구성될 것으로 예상됐으나 현대차는 그렇게 하는 대신 기본 3개 트림에 각각 옵션으로 터보엔진과 원형 인터쿨러 흡입구, 스키드 플레이트 등의 디자인 요소가 적용되는 ‘캐스터 액티브’를 선택할 수 있도록 하는 방식을 택했다. 옵션 가격은 하위 두 개 트림은 95만원, 최상위 트림은 90만원이다.

아마도 최상위 트림 가격이 2000만원에 육박해 체감 가격이 높아지는 것을 방지하기 위한 것으로 풀이된다.

액티브(터보) 모델을 별도의 트림으로 가정한다면 스마트 1480만원, 모던 1685만원, 인스퍼레이션 1960만원이 된다.

기본 모델 가격을 1400만원 이하로 책정해 1000만원대 초반의 시작가라는 구색은 맞췄지만, 소비자들 사이에서는 2000만원에 육박하는 상위 트림 가격이 경차로서는 너무 과하다는 지적이 나온다.

이런 가격구조는 현대차‧기아의 기존 소형 SUV 일부 모델들과의 판매 간섭을 불러올 수도 있다.

현대차‧기아는 캐스퍼 없이도 이미 다양한 엔트리 SUV라인업을 갖춘 상태다. 현대차의 경우 코나와 베뉴가 있고, 기아는 셀토스, 니로가 있다. 지금은 단종됐지만 연초까지만 해도 여기에 쏘울, 스토닉까지 같은 차급에 6종이 몰려 있었다.

기아의 경우 2019년 셀토스 출시 당시 지나치게 다양한 소형 SUV 라인업을 의식한 듯 ‘하이엔드급 소형 SUV’라는 다소 모순된 수식어를 사용하며 다른 소형 SUV들과 차별화를 꾀하기도 했다.

이들 중 셀토스와 코나는 덩치 자체가 캐스퍼와 월등히 차이가 나는 데다 시작 가격부터 2000만원에 육박해 최상위 트림은 3000만원에 근접하는 만큼 캐스퍼와는 다른 시장에 속해 있다. 니로는 하이브리드와 전기차로만 판매되는 친환경 전용 모델이라는 점에서 시장이 다르다고 볼 수 있다.

베뉴. ⓒ현대자동차
문제는 현대차 SUV 라인업의 가장 하단에 위치한 베뉴다. 베뉴 가격은 1689만~2236만원으로 캐스퍼와 충돌이 일어날 여지가 높다. 베뉴 스마트(1689만원)와 모던(1885만원) 두 개 트림이 캐스퍼 최상위 트림 아래 위치한다.

통상 상하위 차급간 가격대가 겹치면 하위 차급이 손해를 보는 경우가 많지만 이번은 상황이 달라 보인다.

같은 값이면 큰 차를 사는 게 일반적인 소비 성향이라는 점만 감안하면 베뉴가 캐스퍼 판매에 걸림돌이 될 수도 있다. 경차 사이즈 제한(전장 3595mm, 전폭 1595mm)에 걸려 있는 캐스퍼와 달리 베뉴는 상대적으로 넉넉한 크기(전장 4040mm, 전폭 1770mm)를 갖췄다.

하지만 애초에 베뉴 자체가 그리 인기 있는 차종은 아니었다. 올해 8개월간 베뉴 국내 판매는 8971대로 월평균 1000대를 살짝 넘기는 수준이었다.

이런 가운데 신차인 캐스퍼가 디자인적 신선함과 높은 연비, 경차로서의 각종 혜택, 그리고 터보엔진 라인업을 갖췄다는 강점을 앞세워 베뉴의 시장 점유율을 잠식할 가능성도 점쳐진다.

어중간한 크기와 성능의 소형 SUV를 사느니 캐스퍼 터보모델 상위 트림을 택하는 게 좋겠다는 판단이 나올 수도 있다. SUV에서 중시되는 최대토크만 놓고 본다면 캐스퍼 1.0 터보 모델(17.5kg‧m)이 더 큰 엔진을 장착한 베뉴 1.6 가솔린(15.7kg‧m)보다 뛰어나다.

이미 캐스퍼 사전예약 첫 날인 지난 14일에만 1만8940명의 고객이 몰렸다. 이는 현대차의 대표적인 인기 차종 그랜저를 뛰어넘은 숫자로, 전기차 아이오닉5를 제외하고는 역대 최고 실적이다. 경차 치고는 가격이 비싸니 뭐니 해도 디자인과 상품성이 받쳐준다면 시장에서 먹힌다는 것을 증명해주는 대목이다.

같은 회사 내 제품간 판매간섭은 '패자의 도태'로 이어질 수 있다. 기아가 올해 상반기 스토닉과 쏘울을 단종한 것도 셀토스에 밀려 판매량이 저조한 탓이 크다.

캐스퍼 실내 모습. ⓒ현대자동차
일각에서는 캐스퍼 중하위 트림은 경차와 소형 SUV 사이의 간격을 메우고, 베뉴와 판매간섭을 일으키는 건 최상위 트림 정도일 것이라는 예상도 나온다. 물론 그렇게 되는 게 현대차에겐 최상의 시나리오일 것이다.

캐스퍼는 기본트림부터 지능형 안전 기술, 앞좌석 센터 사이드 에어백 및 4.2인치 컬러 LCD 클러스터, 락폴딩 등 다양한 안전·편의 사양이 기본 적용돼 있다.

여기에 152만원짜리 에센셜 플러스 옵션을 택하면 8인치 내비게이션, 버튼시동 스마트키, 풀 오토 에어컨, 후방모니터 등이 추가돼 대부분의 선호 사양들을 모두 갖추게 된다. 이를 포함한 1537만원의 가격은 경차 치고는 비싸지만 여전히 베뉴에 비해서는 150만원가량 저렴하다.

업계 한 관계자는 “경차 가격으로 구매할 수 있는 SUV의 등장을 기다려왔던 소비자들에게는 캐스퍼의 가격이 다소 실망스러울 수 있을 것”이라면서도 “단순히 경제성 뿐만이 아니라 경형 SUV일지라도 다양한 가치를 원하는 소비자들이 존재한다는 점을 감안해 상품을 구성한 것으로 보인다”고 말했다.","14에 사전예약했다. 근데 인터넷 댓글 읽다보니 호갱된 느낌이든다. 풀옵 기준 모닝 보다 300정도 더비싼거 같다. 상품성을 봤을때 그정돈 감수해야지 했었는데, 상생형일자리에 서 생산했고, 영업사원 마진도 없는데도 300차이면... 500~600더비싸단 생각이 든다. 다시한번 호갱된느낌... 정식계약 안하면 10만원 돌려준다니 해지할까싶다. 나같은 생각드실분들이 많을꺼라보인다. 저임금.....무노조....차량인데 경차가 왜이리 비싸.....도데체 누가 다 해먹는거야.....귀족노조 욕할게 못되네.... 경차 성능을 극한으로 올려 미드쉽 스포츠카로 만든 혼다의 S660도 일본 출시가격이1,980,000~2,180,000엔이였다. 그런데 suv랍시고 어정쩡한 성능의 경차를 풀옵 2천이 넘게 출시한다고? 그것도 인건비도 기존보다 반이하에 딜러마진도 없는 차를? 아주 자국민 개호구로 보고 등처먹는데 한계가 없구만. 일본현지에서 다이하츠 경차 풀옵션해도 신차가로 2000만원 안한다~ 풀플랫?? 이미 십년전에 일본에서 이미한거 신기술인냥 기가막힘~ 구렇다고 디자인이 스즈니 짐니처럼 이쁘길해?? ㅋㅋㅋ 헬조선식 경차네 이야 하루만에 기사 분위기가 반전이네 어제만해도 대박이다 모다 하더니만 베뉴 몰아보면 저거 눈에도 안 들어온다. 우리 어머니 데일리카로 베뉴 구매해드렸다. 경차를 중옵 1800에 살거면 그냥 베뉴로 가자. 조기단종에 한표 한사람 탈때는 소형보다 경차가 연비 더좋지. 근데 한사람태우고 짐싣고 하면 연비 거기서 거기 오히려 소형이 더좋을때 있음. 특히 오르막이나 장거리 많을땐. 경차는 연보고 사는게 아닌듯. 연비외 부분 봐야함. 주차료할인 도로비할인. 이거 많이 비싸다. 이가격이면 그냥 소형사는게 낳을뜻. 상생형 일자리 공장에서 만든차가 귀족노조가 만든 차보다 가격인하 효과가 없어?현대가 국민을 얼마나 호구로 보는지 알겠군 캐스퍼= 대깨문...캐스퍼 절대 양보 안 해준다.. 솔직히 장점이 뭔지 모르겠음. 가격대보면 베뉴나 아반떼로 가는게 더 나은데, 그 둘보다 나은점이 경차라는거 밖에 없음. 그렇다고 경차중에 원톱이냐? 차박광고 위주로 때리던데 차박 목적이면 기아 레이가 낫죠. 아반테 기본형 오토가 가격에서는 최고다... 역시 뒤통수의 광주. 그나저나.반값월급 실현, 상생형일자리 어쩌구 저쩌구 생색내기 드립은 존나 치드만..차값 제값 다 받으면..그 돈 누구한테 들어감..상생형이 아니라 순진한 서민들 선동하고 세치혀로 꼬드겨서 월급 후려친거구만. 스파크랑 사이즈 똑같고 전고만 높을뿐인데 직접 본다면 계약취소 많이 나올거라고 예상한다 어떤 빡대가리면 경차를 저 가격에 내놓을 생각을하냐? 일본처럼 짐니나 허슬러같이 4륜이면 또 모르겠다. 아니지 일본은 4륜이어도 저 가격은 안나오더라. 이러다 은근슬적 베뉴 아번테 가격이 오른다. 나뿐만아니라 모든사람들도 이렇게 생각함. 인건비가 싸고 딜러도 없어서 저렴해요. 라고 해야지 인건비도 없고 딜러도 없지만 가격 최고에요 제가 다 먹고든요 라니..? 조만간 캐스퍼 가격을 내리는게 아니라 타 경차들 가격을 올리려는 큰 그림 ㅋ 그럼 줄줄이 소형 중형 대형도 올리겠 문재인때문에 현대는 얼마나 손해보고 짜증날까? 마데인 광주 걸러라 통수 맞는다 문재앙 캐스퍼 인건비는 절반이고, 판매는 온라인인데 가격은 이러면 대체 뭐가 경쟁력 있는거임? ㅋㅋㅋ 이것도 현대차 강성 노조 때문에 가격 손을 못 댔다고 하던데, 현대 경영은 그럼 노조가 하는거임????? 800마넌썰 나올때 ㅋㅋㅋㅋ 현차가그럴리가없다생각햇다 역시나엿군 ㅋㅋㅋㅋ 최하위옵을 1000정도엿으면 역대급 명차가 되엇을수도.. 저정도가격이면 굳이안살듯 터보?? 경차타는사람이 터보가왜필요해 ㅋㅋㅋ 베뉴보다 캐스퍼가 나오자마자 단종 될수도 그 돈이면 베뉴타지..갑자기 베뉴 판매량 증가 ㅋㅋㅋ 설마 베뉴 가격 올리고 점점 가격 다 올릴거냐 연봉 3천인 회사에 외주 맡기는데 차값은 레이 모닝보다 더비쌈...얼마나 남겨먹을라고...디자인은 좀 이쁘고 튈지 몰라도 어차피 경차는 경차...차박할꺼면 레이가 낫고 동네 마실용도 레이나 모닝이 낫지...솔직히 레이 모닝도 싼게 아닌데...그냥 이쁘고 비싼 쓰레기 될 듯... 광주모터스 사장이 누구인지 한번씩들 찾아보면 답 나옵니다~ 조만간 취업 대가성 뇌물 이야기도 나올것이고 공장주변 부지 투기도 나올것이고.. 안사면 되는거 아님..? 왜케 열들이 받으셨나 대체제가 없는것도 아니고 일본 경차들 수입해라 현다이 망하게 썬팅 블박 백마넌추가 차량등록하는번거러움까지.이건아닌것같네요 1만8천대 계약이라... 경제가 안좋다는데 차사는사람은 무지하게많네.. 기업들이 앞다퉈 사들이는건가 다들 경차를 2천만원주고 살돈이 막넘쳐나나보지.. 저도생각해보니 계약금걸었지만 해지하려구요다른차사야겠어용. 이게 그 유명한 대깨문 전용차군.. 자국민 피빨아 쳐먹는 기업 경차가 경차다워야지 겉모습만 경차같으면 눈으로만 보지 그걸 좋다고 사는인간들이 있네 이러니 가격은 올라가는거지 경차의 취지를 잘알고는 있는지? 현실성없는 경차들이네 작고 말만 경차이지 구엽고 경차혜택 받고 다 좋다.. 긍데 엔진성능은 지뿔.. 발바도 졸 안나가서 속 터지는 경차에 이거저거 조금 겉치장해놓고 가격은 졸 올려받고.. 제발 자국민들 호구대접좀 그만해라.. 너무들한다... 국민들 상대로 돈벌고 배불렸으면 사회 환원도 할줄 좀 알았음 좋겠다.. SUV 타는사람은 왜 타는지 한번 생각해보고 사시길 바랍니다. 어정쩡한 SUV 타는거보단 걍 승용타세요. 소형 SUV사서 타는사람 다 후회합디다. 연비가 엄청잘나오는거도아니고... 정부가 하는짓이 그렇치!! 3인이 차박이랍시고 여름에 에어컨 풀로키고 차박하러 오르막오르면 시동 꺼지기 딱 좋은 차임. 999씨씨... 조수석 플랫은 레이에도 있는데 신기술 마냥 떠드는 현대 옵션은 차급에 맞에 넣어라. 경차에 에어컨 오토만 있으면 되지 무슨 옵션이 그리많아. 비싸다K3 아반떼 깡통이 1580인데ㅡㅡ 장난하냐ㅡㅡ 달리기 성능은 전혀 언급이 없네... 모닝처럼 달리면 짜증날텐데... 이래서 현기차는 사주면 안돼 진짜 현대차 한탕해먹으려고 하나 경차가 왜케비싸 ggm에서 만드는데 왜케 비싸누? 정의선 이 탈모충 양심 어디에 있냐? 베뉴가 낫겠네 SUV는 무슨 그냥 예전에 망한 아토즈 부활시켜놓고 가격만 잔뜩 올려놨구만. 넓은 게 필요하면 레이가 있는데 저런 거 왜사냐? suv라는 언플에 당해서 큰 차 기대하시는 분들은 통수 제대로 맞는 느낌일듯. 그냥 모닝 레이 크기랑 다를바없는 크기의 경차입니다^-^ 지역 일자리 활성화인데 임금하고 차 가격하고 안맞는다 어디서 누가 빼먹는건지? ㅋ개인적으로는 안삼 가격은 경차를 조롱하네 현대기아를 해체해야 국민이 산다 가격 책정이 잘못됐다고 본다. 왜 대박난건지 이해안됨. 경차는 경차일 뿐이다. 가격이 같다면 편의가 살짝 떨어져도 무조건 중소형 차를 사는게 국룰인 거다! 경차가 수납성이 좋다고? 중소형이 보면 웃길 뿐이다. 같은 가격이면 무조건 중소형 사라!! 이게 원래 현대기아치 전략 아니냐? 상위버전 선택 껍데기 바꾼 모닝이....대박이네. 일단 다른것 떠나서, 네비는 티맵이나 카카오맵 같이 실용도 높은것,빠른 업뎃 되는걸로 넣었으면 좋겠음. 자체 네비는 새 길 생겨도 업뎃이 느려서 엉뚱한곳 안내해 안쓰고,폰으로 티맵 사용함. 야들아 광주에서 만들면 가격 싸진다고 안했냐 근데 머가 다르냐 돈독 올랐냐 뭘 걱정을 해...전라도 도민이 한대씩만 사도 얼마냐? 사서 걱정을 할 필요가 없지.... 현대 가격은 일단 기아보다는 비싸다. 아니, 비싸게 책정한다. 왜인지는 다들 알지 않나? 기아는 현대에 종속된 브랜드고 대장은 현대니까 그들도 우위로 잡는것이다! 참고로, 난 3년전 모닝lpi(lpg) 필수옵션만 해서 1600만원에 뽑았다. '으에? 모닝을 1600만원에?' 하는데, 경차가격도 화폐가치에 따라 오르는데다 '경차는 1000만원 넘지 않는 차' 라는 쌍팔년도 고정관념은 넣어두라! 시대가 바뀌었다!!! 계산법 이상하네 베뉴 풀옵하면 더비싸요 영업사원 할인 녹이면 베뉴 풀옵이랑 얼마차이도 안남 내 눈엔 베뉴가 디자인이 훨 이쁜데.. 베뉴 단종시키려나.. 예약은 18,000명! 계약은 1,800명??? ㅋㅋ 당연히 뒤는 토션빔!아무리 경차.소형차에도 멀티링크 집어넣고 가격 올림. 이해가 됨!하체기술 90년대 생산라인 재활용 할듯. 과연 13부터 시작이면 한달 몆대팔고 먹튀할려고 . ..700어면 대박.800 이면 중박.1000 이면 소박.1300 이면 마이너스로 . 입금도 적게 주는 위탁생산에 인터넷판매하는데 가격미쳤네 개오바좀하지마 사고나면 작살이다 소형차 타는거 아니다 저걸 왜사 요단강 건너편에서 스토닉이랑 쏘울이 손짓 하는거 같네 베뉴 떡상각 저걸 저가격에 사는 바보가 있나요??ㅋㅋㅋㅋㅋㅋㅋㅋㅋㅋㅋㅋㅋㅋㅋ 나 2년 넘게 베뉴 타고 있는데 그딴 족보 꼬이든말든..민주개총이 만든차는 안산다. 역시 현대가 현대하는거지 ㅋㅋ 수입차 무관세로 수입하자.최고33%보호관세 이제 우리나라 세계와경쟁하는 기술 가졌다.. 인건비 빠지고 온라인전용판매라 판관비도 빠지는데 타 차 값과 비슷한 이유는 뭐냐? 최소 300정도는 더 빼줄수 있다고 보는데... 걍 시내주행용 경차는 모닝사고 차 다운 차 살려면 중형차 이상 사라. 뒤통수 치는것은 현대나 거시기나 딱이여.. 현대에서 생산했으면 풀옵 삼천 되었을듯 한데 다행이라고 생각 해야 하나? 이렇게 비싸게 팔꺼면 광주형 일자리는 왜 필요한거냐??? 전라도상생일자리라며 임굼줄이고 900만원대 저가차량만든다고 하더니 ㅋㅋ 아반떼 사라! 삼성이나 한화 둘 중에 전기차 뛰어들어서 현대 독점 좀 막아줘 이거 모르고 현대가 내놨을까.ㅡㅡㅡ일단 베뉴는 단종할듯... 어설픈 베뉴보다 경차파는게..그리고 비싸면 안사야 싸지는데 과연 어찌되려나...어찌보면, 독과점의 역습..... 85%이상 차지하는 회사...비싸면 레이가 더팔릴테니.. 레이도 연식변경하면서 가격올리겠지....경차지만 옵션보면 과함.... 실용성이라곤...현대도 가격다 알아요... 아반떼살수있다고 ...그래도 사나 간보는거지.... 모든 면에서 압도적으로 좋은 아반떼가 자동변속기 1700부터 시작인데 ㅋㅋ 젊른 친구들의 표현이 직관적이야 “인건비는 낮췄지만 그걸 소비자에게 돌려준다고 한적은 없다” 현대차의 행보는 명확해짐 베뉴 단종...캐스퍼 판매실적 보다가 부진하면 베뉴 풀체인지 출시....캐스퍼 단종.....계속 반복구매하는 소비자만 호갱 뷁 굳이 경차 필요없으면 중고로 투싼이나 스포티지가라....직은차샀다가 후회하지말고.... 해지해따… 내돈이 귀족노조에게 들어가지 않는다면 다소 비싸도 만족합니다계속 신차 이방식대로 출시해주세요다 사드릴께요 베뉴나 레이가 낫지 깨문들 한대씩 사줘라 베뉴사겠네. 차 이쁘든데 캐스퍼 가격 잘뽑혔다고 하는 사람 = 현기 직원임쟤들이 욕먹을수록 좋은사람은 걔들뿐인듯ㅋㅋㅋ 베뉴는 사실상 단종이겠지 뭐 판매량도 그렇게 높지않은데 케스퍼한테 시작부터 발렸으니 흉기는 이런식으로 계속 올린다 참 족가치 운영한다. 인건비는 낮추고 차량가액은 올리고 ㅋㅋ 현대 클라스 나는 저렴한 경차 SUV를 원했다!!! 이걸 기자가 왜 걱정 함? 저건 기업이 걱정 할 일 아닌가? 동그란 헤드라이트만 보니 구소련 Lada 차량이 떠오르네. 신차효과 반짝 1200 짜리 차를 2000에 파네 ~ 양심이있냐? 역시 가격은 독일차 후려치는구나 뭔 개족보야 같은 값이면 그냥 베뉴 타 완전호갱 깡통차 가격보고 설마설마했는데 가격 일부러 책정한듯 많이 팔고 싶진않은듯. 아반떼나 베뉴사라고 묵시적 암시거는거 같음ㅋㅋ 캐스퍼 출퇴근용 세컨카로 사려다 포기함. 위탁생산으로 인건비 절감, 인터넷판매로 딜러마진 절감 효과가 있을텐데 별루 가격적 메리트는 없는듯 광주형 통수자동차 일본경차 수입해 줬으면 저딴짓 안하지~ 뮐 감안했다고? 다양한 가치를 지닌 소비자들이 존재? 웃기고 자빠졌네. 노조 배불려야 한다고 말은 똑바로 해라. 베뉴 단종한다고 내부에서는 이미 안다 베뉴 홍보중 나와보고 다보고 사도 되는걸 저게 뭐라고 저리 사지 ㅋㅋㅋ 모닝이나 레이나 스파크나 ㅋㅋ 저거 사는인간들 호구인증이지.그가격이면 몇백 더 보태서 k3사거나아반떼 사겠다.온라인판매에 인건비도 안들고 가격이 후덜덜인데 현대야 경차다 경차가 뭔지알지 그리고 사양이 고급사양이냐 뭔 차값을 그리 후랴치냐 돈먼기업이네 저걸 왜사냐 ㅋㅋ 안사요~ 인건비 절감했다면서 차값은 왜 이리 비싸? 소비자가 알아서 판단하겠지. 머 기자가 걱정할 일도 아닌데..ㅋ 베뉴 가격 폭탄세일 들어가겠네. 다음달 기대된다. 20대가 타기 좋네 150더주고 큰거사지..누가 작은걸사.. 800~900이라면 살만한데 저 가격 주고 살 차는 아닌듯. 브랜드도 없고 메이커도 없는거고 인건비도 줄였는데 너무 비싸 베뉴도 좁다 그냥 출퇴근용이나 마트용이면 깡통 사서 타고 다녀라 인력을 그이상 뽑았으니 마진율 높일수 밖에ㅋㅋㅋ 뭐든 반대로 생각하는 이 좌즘들 차를 잘나가니 이정도 인력이 필요하다가 아나고 인력이 이정도니 이정도에 몇대만 팔면되겠다 이런거지 그니까 비싸지 온라인 판매여서 영업사원 마진도 없는데 가격이 이러는건 첫번째고 딜러 통한 계약이 아니여서 블박,썬팅도 자비로 해야하죠 ㅎㅎ 참으로 비싸구나 봉급이 3배가까이 차이나는데 차값은 왜이리 비싸지? 베뉴 단종시켜라. 그래도 르노보단 낫짘ㅋ 경차 주제에 아반떼가격이라니.. 나만 비싸다고 느낀게 아니었메 저임금이라도 자동차 가격은 더 비싸당께 임금 의미가없네 현자 노조에 한 2억줘라 연봉 현대차가 아니라 전라도 빨갱이강성노조차지 난 베뉴~~~ 한국사람은 봉이네요.내수는 비싸게 팔고, 수출은 싸게..이게 말이되는건지. 캐스퍼 300정도 가격 내려야할거같은데 ;;;; 이러면 앞으로 현대차 편 안들고 노조편든다 자동차회사 트림이랑옵션구성보면 진짜 기가막히게 잘 했음모든 경우수를 다 따져서 저렇게 한다는게 진짜 차량이 한두대도 아닐텐데 트림낮은거 하고 옵션하다보면 상위트림아니고서는 할수없는 옵션이고 상위트림하는대신 옵션 최소하다보면그 상위트림과 가격차이없고 사골 4단변속기 연봉1억 현대노조도 아니구 연봉4천 광주모터스생산 영업사원 패스하고도 2천....혼자 다해드세요. 횬다이형. 이걸 왜사지 ㅋㅋㅋㅋ한두달타다 후회할 차가성비 1도없다 귀족노조가 가격책정했군..뒤에서 힘좀썼내..ㅋㅋ 받아들여. 세상은 미쳐가고 있다는걸. 아니 돈이 타락 했다고 봐야하나.. 돈의 값어치가 점점 휴지가 되어 가는거지.. 베네수엘라가 우리들의 미래다.. 뭐..능력되면 타는거고 아니면 마는거지......................................... 베뉴가 문제가 아니라 일본경차 들여와도 통하겠구만. 정의선아!아직도 내 폰 해킹했냐?네이버 위치는 왜 항상 니 멋대로냐?너같은 대머리에 스토커는 아주혐오하고 내가 죽어도 너같은 스토커랑 엮일일없으니까 좋게말할때 내 인스타 원래계정 복구해놓고 꺼져!내가 죽어서라도 니네 쓰레기집안은 가만히 안놔둘거니까!구역질난다 디자인이라도 짐니처럼 나왔으면 질러볼만 한데디자인도 애매하고 가격은 더 애매함세컨카로 사기 뭔가 아쉽 걍 셀토스 고려 중 800만원 드립꺼낼때도 와이프 시장마실용으로 살까말까했는데 2000 도랏? ㅋㅋㅋㅋ 베뉴랑 비교 자체가 안됨 캐스퍼 가격 + 1.6엔진 + ivt변속기 = 베뉴임 더 넓은 휠베이스랑 크기 포함하면 격차는 벌어질 수 밖에 없음 캐스퍼 실내 모습이라고 본문에 나온 사진 보니 실내가 그냥 모닝 사이즈하고 비슷하네 미미하게 더 큰 정도 밖에 안되겠네... 작은 여자가 앞열 시트 바짝 땡기고 않으면 뒷자리 겨우 무릎 안닿는 실내 크기네... 베뉴는 어쩌누 베뉴가 낫죠.... 캐스퍼 구매 안하면 결국 가격 내려옵니다 비싸 안사 나같음 레이산다~~~ 캐스퍼 홍보하느라 열심이네..... 풀업가야 상위모델 깡통 겨우 따라잡는정도인데 이정도는 다른라인업에도 마찬가지수준인데 비싸면 옵션빼면되지 뭘 심한것도 아니구만. 아마 족보 정리한다고 내년에 다른 등급차들 가격 줄줄이 더 많이 올리것네. 자기자신과 가족의 안전을 생각한다면 경차는 무조건 걸러아함 일본이 왜 경차가 인기냐구?1 일단 밀본애들이 돈이 없음 (버블경제무너지고 90%이상 거지들임 우리보다 더못살음)2 일본은 소형차부터 세금 만땅임 유지비때뮤에 경차선호3 경차 끌고다닌다고 도로에서 무시안함4 고속도로 80 이하임 출력딸려도 괜찮음5 일본경차는 옵션질많이 안함 다떼고 800에 팔아라 그게 경차다! 베뉴 판매상승을 위한 꼼수 결국은 캐스퍼도 팔고 베뉴는 더 팔겠다는 옵션 장난질 현기기 현기하네~~~ 현차를 사다니 밥통들 ㅎ 무노조 홍보했지만, 실제론 노조의 영향을 받았을수도 있겠다 싶음. 현대차가 경영에 참여할거아냐? 클라스는 영원하다. 경,소,중,대형 최우선으로 차를 구입하는게 답이다. 실망입니다. 노조들 월급생각해보세요ㅋㅋㅋ 바싸게 살수밖에없답니다 여기서 일본차 얘기가 왜나와? 뭐만하면 일본하고 비교하지 뭐만하면 반일 떠드면서 이러니 일본놈들이 우리 무시하는거야 다들 간과하는게 있는데 차가격의 70%는 원자재 가격에 있음... 최저임금 상승, 희토류가격 급상승 등으로 재료비가 왕창 올라서 캐스퍼도 가격이 그리 나온거지... 베뉴는 출혈해서 파는게 맞음.... 경차가 반드시 싸야 한다는 건 고정관념이다. 많이 안팔리긴 하지만 벤츠의 스마트를 봐라.가격에 상응하는 품질만 뛰어나면 어느정도의 가격은 수용할 수는 있을 것 같다. 문재앙이 샀다는데 재수옴붙음.. 점점 차가격이 너무오른다 대기업이야 노조 고함치고 하니 급여가 오르지만 중소기업은 늘 그자리고 좀 줄고있다 매출안나오는곳은 어찌된게 부동산이랑 차가격은 감당이 안되냐 베뉴가 확실히 고급스럽긴하다~컈스퍼는 왜케비싸 반짝했다가 다음 기아 경차때 단종 될거같음 비싸도 살사람은 다삼. 베뉴는 타겟이 원래 국내가아닙니다.인도타겟으로 만든차량으로 국내만 suv라인업 추가때문에 들어온겁니다.그리고 위탁생산이어서 서로수익을 나눠가져야합니다.때문에 차값이 떨어지기는 힘들겠죠? 깡통사면 1400인데 왜들 난리지....? 무슨 차든 차비싸다는 애들은 꼭 최고트림만 봄 같은 값이면 큰차를 산다고? 누구나 그런건 아니다. 한 문장을 쓰더라도 신중하게 써라. 2000에 육박한다는 뭐냐? 1000만원대하고 같은 표현이야? 그냥 가격을 쓰면 되잖아",176,데일리안,90%,10%,1%,5%,38%,44%,13%,1%,2021.09.16. 오전 6:00,https://news.naver.com/main/read.naver?mode=LSD&mid=sec&sid1=101&oid=119&aid=0002530882
"기아, 인도 시장 상승세 굳힌다…신차 내놓고 가격 올리고","셀토스 X-라인 이달 선봬
내년 7인승 MPV 출시 가능성도
셀토스 X라인. 영상=기아인도법인 인스타그램

기아가 세계 4위 규모 자동차 시장인 인도에서 상승세 굳히기에 나선다. 신차 출시에 이어 일부 차종 가격을 올려 수익성도 강화한다는 구상이다.

10일 업계에 따르면 기아인도법인은 이달 초 '셀토스 X-라인' 출시를 시작으로 현지 라인업 확대에 나선다. 셀토스 X-라인은 기존 셀토스의 디자인 특화 모델로 스포티함이 강조된 차량이다. 매트한 그라나이트 색상과 인디고 페라 가죽 등 7가지 요소 정도가 기존 셀토스와 다른 점이다. 2019년 LA오토쇼에서 콘셉트카로 처음 공개됐지만 당시 소개된 오프로드용과 이번 X-라인은 다소 차이가 있다. 유일하게 인도 시장에만 출시됐다.

내년에는 7인승 다목적차량(MPV) 출시도 점쳐진다. 셀토스 기반 MPV가 유력한 것으로 업계는 보고 있다. 쏘울 현지 출시 가능성도 거론된다. 글로벌 자동차 매체 인도 오토카에 따르면 기아는 지난 6월 인도특허청에 쏘울 상표권 등록을 마쳤다. 출시가 확정된 건 아니나 현지 출시 사전단계를 거친 셈이다.

셀토스 X-라인. 사진=기아 인도 홈페이지

이번 셀토스 신규 트림 투입을 시작으로 기아는 인도 시장 성장세에 탄력을 받을 전망. 기아는 지난 7월 기준 누적 30만대 판매를 돌파하며 무섭게 질주하고 있다. 인도 진출 2년도 채 안 된 시점에 이뤄낸 성과다. 이는 현지 진출 제조사들 중 가장 빠르게 달성한 기록이다.

기아는 지난달 인도 시장에서 전년 동월 대비 54.3% 증가한 1만6750대를 판매했다. 셀토스가 8619대로 가장 많이 팔렸고, 이어 쏘넷 7752대, 카니발 379대 등 순으로 집계됐다. 차량용 반도체 수급난 여파로 제조사들 판매량이 주춤한 가운데 전월 대비로는 판매량을 11%가량 늘리며 '나홀로 질주'를 이어갔다. 인도 1위 현지 업체 마루티스즈키와 현대차 모두 지난달 전월 대비 판매량이 줄어든 데 거둔 성과다.

지난달 점유율은 6.44%로 전월 대비 0.22%포인트 늘었고, 이에 따른 판매 순위 역시 지난 7월 5위에서 4위로 올라서면서 마힌드라를 제쳤다.

기아의 상승세에는 셀토스의 역할이 컸다. 셀토스는 2019년 8월 인도 시장에 처음 출시된 이후 2년간 약 20만대 이상 판매된 효자 모델로 전체 기아 인도 현재 판매량의 3분의 2 이상을 차지하고 있다.

7인승 SUV가 셀토스 기반으로 출시될 것이란 추측이 지배적인 이유도 이 때문이다. 기아는 7인승 모델 출시로 최근 급증하는 인도 내 중형급 차량 수요까지 흡수하겠다는 복안이다. 경쟁 모델로는 현대차 중형 SUV 알카자르, 마루티스즈키 에르티카, XL6 등이 있다. 알카자르는 지난 6월 출시 이후 한 달 만에 1만1000여대 예약 판매되는 등 소비자 반응이 뜨거웠던 모델 중 하나다.

여기에 최근 대표 인기 차종인 쏘넷과 셀토스의 가격 인상도 단행했다. 원자재, 운송·물류 비용 상승에 따른 불가피한 인상이는 게 회사 측 설명이지만 수익성 강화 차원으로 풀이된다. 인기 차종인 셀토스와 쏘넷에 한해 가격 인상 결정을 내린 것도 이 때문이라는 해석이다. 카니발은 인상 대상에서 제외됐다.",잘한다. 파업업시 잘 나가는 기아자동차 응원합니다. 프로모션 강화하고 내수시장좀 잘관리좀해줘 승슬장구기아 잘하쟈 국내든 해외든우선 응원한다,4,한국경제, , , , , , , , ,2021.09.10. 오후 2:12,https://news.naver.com/main/read.naver?mode=LSD&mid=sec&sid1=101&oid=015&aid=0004603347
"""7년 연속 고공행진 끝?""…성장세 꺾인 소형 SUV","올해 7월 누적 판매 14만6269대‥전년比 12.6% 감소
2014년 이후 줄곧 성장‥올해 판매 첫 감소세 전망
준중형 SUV 인기·아반떼 부활 등 타격받은 듯
신차 효과에도 부진 이어져…""당분간 반등 어려워""
[이데일리 송승현 기자] 국내 자동차 시장의 새로운 트렌드로 자리했던 소형 스포츠유틸리티차량(SUV)의 실적 부진이 길어지고 있다. 지난 2014년 이후 연속 성장세를 이어오던 판매 수치가 올해 처음 하락세로 접어들 전망이다.

르노삼성자동차 XM3. (사진=르노삼성자동차 제공)
준중형 SUV 뜨고 아반떼 부활하고

7일 한국자동차산업협회(KAMA)에 따르면 올해 1~7월 소형 SUV 판매량은 14만6269대로 전년 동기(16만7281대) 대비 12.6% 감소했다. 국내 완성차 업체에서 발표한 8월 소형 SUV 판매량을 더한 1~8월 누적 판매량은 15만7406대로 전년 동기 대비 15.3% 감소해 하락 폭이 더 커졌다. 이에 따라 올해 소형 SUV 판매량은 지난해에 미치지 못할 전망이다.

소형 SUV 판매량은 트랙스와 QM3가 관련 시장을 형성한 2013년 이후 지난해까지 줄곧 성장했다. 연도별 판매량을 살펴보면 △2014년 3만2932대 △2015년 8만6233대 △2016년 11만621대 △2017년 14만7429대 △2018년 16만9346대 △2019년 22만5174대 △2020년 28만5945대 등이다.

하지만 올해는 모든 모델을 합쳐도 매달 1만대 초반 수준의 판매량을 보이는 만큼 소형 SUV시장이 처음으로 쪼그라들 예정이다. 소형 SUV시장의 부진은 코로나19 팬데믹(감염병 대유행) 이후 캠핑 등이 인기를 끌면서 대형 차량 선호 현상과 준중형 세단 아반떼의 부활이 큰 몫을 차지한다는 분석이다.

먼저 지난해부터 올해까지 준중형 SUV 모델인 현대자동차(005380) 투싼과 기아(000270)의 스포티지의 판매가 고공행진 중이다. 투싼은 지난해 9월 출시된 이후 높은 인기 덕에 출고 지연 현상까지 빚어지고 있다. 올해 8월까지 누적 판매량은 3만6184대다. 스포티지도 지난달 출시 이후 판매량이 두 달 만에 1만대에 육박하는 등 큰 인기를 얻고 있다. 준중형 SUV는 코로나19 팬데믹 이후 차박(차를 이용한 숙박) 선호 현상과 대형화 추세에 힘입어 소형 SUV 수요를 뺏어오고 있다.

아울러 아반떼의 부활도 소형 SUV 부진 요인으로 꼽힌다. 소형 SUV가 급부상한 2019년은 첫차의 대명사 아반떼가 디자인 논란으로 인기가 잠시 주춤했던 때로 첫차 수요를 소형 SUV가 상당수 흡수했다. 하지만 아반떼는 지난해 신차가 출시되면서 디자인 호평 등을 이유로 ‘국민차’ 타이틀을 탈환했다. 아반떼는 지난해 8만7731대 판매한 데 이어 올해 8월 누적 판매도 5만55대로 순항 중이다. 지난해보다는 부진한 판매지만 매달 평균 6500대 이상 기록을 유지하고 있어 소형 SUV와는 대조적이다.

기아, The 2022 셀토스. (사진=기아 제공)
신차효과 못 누리고 새로운 경쟁자 등장하고

소형 SUV의 부진이 신차효과에도 단기간 사그라든 만큼 당분간 이어질 수 있다는 전망도 나온다. 실제 지난해 자동차시장은 소형 SUV 전성시대였다. 2019년 7월 출시돼 단숨에 베스트셀링 모델로 자리 잡은 기아의 셀토스가 건재한 가운데 지난해 초 한국지엠의 트레일블레이저와 르노삼성자동차의 XM3 등의 신차가 출시됐다. 현대차 코나의 부분변경(페이스리프트) 모델도 출시됐고 공간성을 극대화해 차박 수요를 노린 쌍용차의 티볼리 에어(Air)가 부활하기도 했다.

하지만 이들의 인기는 오래가지 않았다. 초반 돌풍을 일으켰던 XM3는 지난해 6월 개별소비세 혜택 축소와 일부 품질 문제를 겪으며 그해 하반기부터 판매량이 급격히 감소했다. 트레일블레이저는 초반 와이어링 하네스 수급 부족으로 생산 차질을 빚으면서 신차 효과를 누릴 타이밍을 놓쳤다.

소형 SUV의 부진도 길어지고 있다. 지난달 판매량은 △셀토스 2724대 △트레일블레이저 2089대 티볼리 1451대 △XM3 1114대 △코나 882대 등이다. 셀토스를 제외한 모든 모델이 출시된 지 1년밖에 되지 않았다는 점에서 처참한 성적이다. 문제는 반등 요인이 셀토스 부분변경 외에 없다는 점이다.

이외에도 현대차에서 출시 예정인 경형급 SUV ‘캐스퍼’도 소형 SUV의 경쟁자가 될 전망이다. 2030 세대가 소형 SUV를 첫차로 택한 이유 중 하나는 관련 차급에서 가장 저렴해 대안이 없었기 때문이다. 캐스퍼는 현대차 베뉴와 비슷한 크기로 넓은 실내 공간에 비교적 저렴한 가격을 무기로 내세우고 있어 자동차시장에서 ‘첫차’ 선택의 기준을 넓힐 것으로 예측된다.

업계 관계자는 “소형 SUV가 자동차 시장 트렌드 변화와 새로운 경쟁자의 등장 등 많은 곳에서 도전을 받고 있다”며 “당분간 소형 SUV가 반등을 꾀하기 어려울 것으로 보인다”고 말했다.

티볼리_R-Plus_화이트. (사진=쌍용자동차 제공)",유전자에 유교사상이 박혀서 허세작렬한 한국인. 허 풍 . 고집 세고 분노조절장애고 꼰대... 🏡보다 큰 차 타는 한국인 ! 이런 허세 사상을 가지고 사 니까 타인과 비교하고 의식하여 타인을 무시하는 걸 쉽게 여기지. 은근히 자랑질하고.. 어리석은 짓 음을 알면 하겠어. 못난... 되도안한 존심이 하늘을 찌르는 종족이라 작은차는 존심에 스크레치난다구! 쏘렌토만 봐도 1.6 인데 ㅋㅋㅋ그큰차가 경제적이어서 유지비도 좋고 결국 중고차값 보장되니 소형이 잘 안팔리지...셀토스 코나 티볼리 가솔린보다 쏘렌토 하이브리드가 연비좋은데 ㅋㅋㅋㅋㅋ 뭔....핸드폰은 2년마다 바꾸고....자동차는 1년마다 바꿔야 하냐?....... 그냥 뭐 자기 상황이나 관심에 맞춰 사는거지 답이 있나 이 좁은 땅덩어리에 차 세울곳도 없는데 SUV나 중형차가 가장 잘팔리는 나라 진짜 안좋은건 하나도 안빼고 다 가지고 있음. 소형 하락 중형 상승 이 시국에도 살만한 사람들은 살만하지. 혹시 국민지원금을 받는지 궁금하네요.,7,이데일리, , , , , , , , ,2021.09.07. 오후 5:17,https://news.naver.com/main/read.naver?mode=LSD&mid=sec&sid1=103&oid=018&aid=0005031412
'감성' 물씬 가을 캠핑에 제격인 '트레일블레이저',"핵심요약
동급 최대 차체 트레일블레이저, '사륜구동' 갖춰
전장 4425mm…국산 소형 SUV 대비 2~30cm 더 길어
스카이 풀 파노라마 선루프…가을 단풍 구경 제격
차체 78%, 고장력 강판 등 적용…고강성 차체 확보
쉐보레 트레일블레이저. 한국지엠 제공
코로나19 여파로 단체 여행이 어려운 상황에 놓이면서 나 홀로 떠나는 차박·캠핑이 주목받고 있다. 특히 젊은 싱글족들 사이에서 나 홀로 여행을 위한 소형 스포츠유틸리티차(SUV) 모델에 관심이 쏠리고 있다.  

한국지엠은 최근 이런 트랜드에 비춰 볼 때 소형 SUV '트레일블레이저'가 가장 최적화 모델이라고 설명했다.  

쉐보레 트레일블레이저. 한국지엠 제공
트레일블레이저는 올해 소형 SUV 세그먼트에서 셀토스와 함께 양강 구도를 만들며 경쟁에서 두각을 나타냈다. 사륜구동 시스템을 탑재해 정통 SUV를 표방하면서 동급 최대 차체로 소형 SUV를 뛰어넘는 실내 공간을 실현해 차박을 할 수 있는 최적의 조건을 갖춘 덕분이라는 게 한국지엠 설명이다.

실제 트레일블레이저는 기존 소형 SUV 소비자들이 좁은 공간에 대한 불편을 느끼는 것에 착안해 이를 해소하기 위해 만들어진 차다. 전장은 4425mm(ACTIV와 RS 모델 기준)로 기존 국산 소형 SUV 대비 2~30cm가량 긴 차체를 갖췄을 정도로 '탈 소형급' 크기를 자랑한다.

쉐보레 트레일블레이저. 한국지엠 제공
넓은 공간에서 오는 장점은 차박 캠핑에서도 빛을 발한다. 2열 시트를 접으면 180cm가 넘는 성인도 누울 수 있는 충분한 공간이 확보된다. 여기에 별도의 바닥 평탄화 작업이 필요 없는 풀 플랫도 지원한다. 캠핑을 즐기는 젊은 소비자들의 관심 끌 만한 충분한 요소다.

다양한 고급 옵션도 젊은 소비자의 눈을 사로잡는다. 트레일블레이저는 동급에서 유일하게 스카이 풀 파노라마 선루프를 갖췄다. 이를 통해 청명한 가을 하늘과 단풍을 구경을 할 수 있다.

트레일블레이저는 또 국내 모델로는 최초로 USB 케이블 없이도 무선으로 스마트폰과 차량 인포테인먼트 시스템을 연동할 수 있다. 이를 통해 USB케이블 연결 없이도 애플 카플레이와 안드로이드 오토를 활용해 스마트폰의 기능을 안전하고 편리하게 사용할 수 있다.

이 밖에도 액티브 노이즈 캔슬레이션, 어쿠스틱 윈드쉴드 글래스, 쉐보레 보타이 프로젝션 핸즈프리 파워 리프트게이트 등 경쟁모델에 없는 첨단 옵션들이 적용돼 젊은 소비자들의 입맛을 충족시켰다.

쉐보레 트레일블레이저. 한국지엠 제공
차박 캠핑에 최적화된 모델답게 최신 사륜구동 시스템을 갖췄다. 트레일블레이저는 동급에서 유일하게 전륜구동과 사륜구동을 오가는 '스위처블 AWD(Switchable AWD)' 시스템이 적용됐다. 상황에 따라 주행 중 간단한 버튼 조작만으로 전륜구동(FWD) 모드와 사륜구동(AWD) 모드를 자유롭게 전환하는 것이 가능하다. 도심 주행에만 특화된 크로스오버 모델과는 달리 사륜구동 시스템으로 오프로드 주행도 가능해 캠핑 사이트의 한계를 넓힐 수 있다.

고강성 차체도 오프로드 성능을 뒷받침한다. 트레일블레이저는 험로주행이 가능한 정통 SUV의 뛰어난 차체 강성을 목표로 만들어진 차다. 실제 트레일블레이저는 오프로드 주행이 가능한 고강성 차체를 위해 포스코의 '기가스틸(GIGA Steel)' 22%를 포함, 트레일블레이저 차체의 78%에 이르는 광범위한 부위에 고장력 및 초고장력 강판을 적용해 가벼우면서도 뛰어난 차체 강성을 확보했다.

쉐보레 트레일블레이저. 한국지엠 제공
엔진 성능도 뛰어나다. 최신 터보엔진을 기본으로 탑재해 SUV에서 기대할 수 있는 두터운 토크감은 발휘한다. 1.35리터 E-Turbo 엔진은 최고출력 156마력, 최대토크 24.1kg.m를 발휘, 2리터 자연흡기 엔진에 버금가는 출력과 이를 뛰어넘는 우수한 토크성능과 효율을 발휘한다. 기름을 적게 소비하면서도 힘찬 성능을 발휘하는 것으로, GM의 첨단 라이트사이징(Rightsizing) 터보 기술이 적용된 덕분이다.

여기에 동급 SUV에서 가장 많은 기어를 보유한 9단 자동변속기를 탑재해 연료 효율까지 챙겼다. 이를 통해 트레일블레이저는 동급에서는 유일하게 제3종 저공해 차량으로 지정돼 공영 주차장 할인(최대 50%) 등 혜택도 받을 수 있다.

쉐보레 트레일블레이저. 한국지엠 제공
한국지엠에 따르면 트레일블레이저는 지난달 내수 시장에서 총 2089대 판매되며 전년 동월 대비 17.4% 증가세를 기록했다. 출시 이후 1년이 지났음에도 여전히 높은 관심을 받고 있다. 트레일블레이저 가격은 ▲LS 1959만원 ▲LT 2185만원 ▲프리미어(Premier) 2445만원, ▲액티브(ACTIV) 2523만원 ▲RS 2573만원이다.(개별소비세 인하 적용)",흉기 타다 틀블타면 문짝 무게감부터 차이나지!! 오일 먹는건 개선이됐나? 트래버스가 캠핑 차뱍은 최고,3,노컷뉴스, , , , , , , , ,2021.09.06. 오후 3:45,https://news.naver.com/main/read.naver?mode=LSD&mid=sec&sid1=103&oid=079&aid=0003549806
